feature,importance,importance_share,cumulative_importance,selected,season,day
avg_power_lag_1,0.7993613320664805,0.7993613320664803,0.7993613320664803,True,summer,day2
avg_power_lag_2,0.020533005483705912,0.02053300548370591,0.8198943375501863,True,summer,day2
avg_power_roll_mean_12,0.016558876424206757,0.016558876424206753,0.836453213974393,True,summer,day2
avg_power_lag_2016,0.01057946926388499,0.010579469263884988,0.847032683238278,True,summer,day2
sin_day_1,0.00923656548022335,0.009236565480223348,0.8562692487185013,True,summer,day2
avg_power_roll_mean_3,0.00864382391818837,0.008643823918188367,0.8649130726366897,True,summer,day2
avg_power_roll_std_12,0.007871107301020659,0.007871107301020657,0.8727841799377104,True,summer,day2
avg_power_lag_288,0.007644221543432709,0.007644221543432707,0.8804284014811431,True,summer,day2
avg_power_lag_6,0.007532527837493506,0.007532527837493504,0.8879609293186366,True,summer,day2
avg_power_lag_576,0.007426562608651667,0.007426562608651665,0.8953874919272883,True,summer,day2
avg_power_lag_3,0.007357415771481122,0.00735741577148112,0.9027449076987694,True,summer,day2
avg_power_lag_12,0.00618349281747,0.0061834928174699984,0.9089284005162394,True,summer,day2
avg_power_roll_std_3,0.0061396978901303075,0.006139697890130306,0.9150680984063697,True,summer,day2
avg_power_roll_mean_288,0.005696140444221657,0.0056961404442216566,0.9207642388505913,True,summer,day2
avg_power_lag_24,0.00538101567845012,0.005381015678450119,0.9261452545290415,True,summer,day2
cos_day_3,0.0050184300313473144,0.005018430031347314,0.9311636845603888,True,summer,day2
sin_week_2,0.004983940541435557,0.004983940541435556,0.9361476251018244,True,summer,day2
Hum__,0.004914255427691864,0.004914255427691863,0.9410618805295162,True,summer,day2
sin_week_1,0.004613735423555591,0.00461373542355559,0.9456756159530718,True,summer,day2
avg_power_roll_std_288,0.004589630340247608,0.004589630340247607,0.9502652462933194,True,summer,day2
SolarRad_W_m_2,0.004133940863067153,0.0041339408630671525,0.9543991871563866,False,summer,day2
cos_day_2,0.003750764641313633,0.003750764641313632,0.9581499517977002,False,summer,day2
cos_day_1,0.0037013981468346905,0.0037013981468346896,0.9618513499445349,False,summer,day2
cos_week_1,0.0036973803744746996,0.0036973803744746988,0.9655487303190096,False,summer,day2
AvgWindSpeed_M_s,0.003678218001227488,0.0036782180012274873,0.969226948320237,False,summer,day2
avg_power_roll_mean_2016,0.00365469643046926,0.003654696430469259,0.9728816447507063,False,summer,day2
avg_power_roll_std_2016,0.0036538441007643633,0.0036538441007643624,0.9765354888514707,False,summer,day2
sin_day_2,0.00344687940637568,0.003446879406375679,0.9799823682578463,False,summer,day2
sin_day_3,0.0032010875480037036,0.0032010875480037028,0.9831834558058501,False,summer,day2
cos_week_2,0.0030564163861841903,0.0030564163861841894,0.9862398721920342,False,summer,day2
dayofyear,0.002993182252325882,0.002993182252325881,0.9892330544443602,False,summer,day2
minute,0.0023701515683606004,0.0023701515683606,0.9916032060127208,False,summer,day2
temp_sq,0.002129105210988253,0.0021291052109882525,0.9937323112237091,False,summer,day2
Temp__C,0.0019063839362692973,0.001906383936269297,0.9956386951599784,False,summer,day2
heating_degree_18,0.0017283631744860438,0.0017283631744860434,0.9973670583344644,False,summer,day2
hour,0.0008342021486480613,0.0008342021486480611,0.9982012604831124,False,summer,day2
dayofweek,0.0007294599501337874,0.0007294599501337873,0.9989307204332462,False,summer,day2
month,0.00040450299709008844,0.00040450299709008834,0.9993352234303362,False,summer,day2
cooling_degree_22,0.00030805036198883017,0.0003080503619888301,0.999643273792325,False,summer,day2
Rain_Mm,0.00016812223737250567,0.00016812223737250564,0.9998113960296975,False,summer,day2
is_weekend,0.00011181292794479313,0.0001118129279447931,0.9999232089576423,False,summer,day2
is_daylight,7.679104235750309e-05,7.679104235750307e-05,0.9999999999999998,False,summer,day2
