timestamp,actual,prediction,season,day,n_selected_features
2025-12-02 00:00:00,2584.6764,2547.5735,winter,day3,33
2025-12-02 00:05:00,2585.208,2553.0376,winter,day3,33
2025-12-02 00:10:00,2589.12,2558.1648,winter,day3,33
2025-12-02 00:15:00,2559.282,2565.4292,winter,day3,33
2025-12-02 00:20:00,2531.1192,2572.4143,winter,day3,33
2025-12-02 00:25:00,2496.3887999999997,2583.8928,winter,day3,33
2025-12-02 00:30:00,2486.3280000000004,2591.6626,winter,day3,33
2025-12-02 00:35:00,2690.9939999999997,2599.403,winter,day3,33
2025-12-02 00:40:00,2574.9252,2599.256,winter,day3,33
2025-12-02 00:45:00,2494.8108,2593.604,winter,day3,33
2025-12-02 00:50:00,2455.4892,2587.2131,winter,day3,33
2025-12-02 00:55:00,2462.4516,2579.4607,winter,day3,33
2025-12-02 01:00:00,2447.6135999999997,2572.6455,winter,day3,33
2025-12-02 01:05:00,2474.5703999999996,2566.2063,winter,day3,33
2025-12-02 01:10:00,2497.134,2557.69,winter,day3,33
2025-12-02 01:15:00,2529.6516,2555.7256,winter,day3,33
2025-12-02 01:20:00,2571.4692000000005,2557.5889,winter,day3,33
2025-12-02 01:25:00,2593.9512,2561.1252,winter,day3,33
2025-12-02 01:30:00,2562.9576,2562.7192,winter,day3,33
2025-12-02 01:35:00,2498.9148,2565.7495,winter,day3,33
2025-12-02 01:40:00,2532.2592,2565.7935,winter,day3,33
2025-12-02 01:45:00,2671.7832,2565.8372,winter,day3,33
2025-12-02 01:50:00,2719.0872,2571.006,winter,day3,33
2025-12-02 01:55:00,2499.786,2575.8672,winter,day3,33
2025-12-02 02:00:00,2475.3660000000004,2588.7505,winter,day3,33
2025-12-02 02:05:00,2435.1972,2594.0828,winter,day3,33
2025-12-02 02:10:00,2416.3512,2595.7144,winter,day3,33
2025-12-02 02:15:00,2404.0716,2602.1,winter,day3,33
2025-12-02 02:20:00,2407.6464,2599.1497,winter,day3,33
2025-12-02 02:25:00,2513.4552,2600.6624,winter,day3,33
2025-12-02 02:30:00,2573.7744,2598.7607,winter,day3,33
2025-12-02 02:35:00,2593.4412,2598.1687,winter,day3,33
2025-12-02 02:40:00,2579.1264,2598.9495,winter,day3,33
2025-12-02 02:45:00,2561.5332000000003,2597.8235,winter,day3,33
2025-12-02 02:50:00,2554.6704,2603.4968,winter,day3,33
2025-12-02 02:55:00,2680.9188000000004,2610.0862,winter,day3,33
2025-12-02 03:00:00,2821.9284,2642.9233,winter,day3,33
2025-12-02 03:05:00,2529.4788,2644.2817,winter,day3,33
2025-12-02 03:10:00,2450.1108,2639.6987,winter,day3,33
2025-12-02 03:15:00,2541.4308,2639.8855,winter,day3,33
2025-12-02 03:20:00,2563.3116,2635.271,winter,day3,33
2025-12-02 03:25:00,2546.5824000000002,2638.5315,winter,day3,33
2025-12-02 03:30:00,2570.7768,2640.748,winter,day3,33
2025-12-02 03:35:00,2608.5348,2643.185,winter,day3,33
2025-12-02 03:40:00,2459.814,2643.4258,winter,day3,33
2025-12-02 03:45:00,2487.6552,2643.986,winter,day3,33
2025-12-02 03:50:00,2492.58,2646.639,winter,day3,33
2025-12-02 03:55:00,2491.2708,2649.2222,winter,day3,33
2025-12-02 04:00:00,2595.0984,2648.2126,winter,day3,33
2025-12-02 04:05:00,2754.0708,2644.1704,winter,day3,33
2025-12-02 04:10:00,2676.1644,2638.1226,winter,day3,33
2025-12-02 04:15:00,2469.6984,2636.6824,winter,day3,33
2025-12-02 04:20:00,2466.5412,2632.1,winter,day3,33
2025-12-02 04:25:00,2462.928,2637.642,winter,day3,33
2025-12-02 04:30:00,2440.3848000000003,2646.392,winter,day3,33
2025-12-02 04:35:00,2441.0292,2658.2131,winter,day3,33
2025-12-02 04:40:00,2483.6016,2669.3025,winter,day3,33
2025-12-02 04:45:00,2476.2864,2679.4465,winter,day3,33
2025-12-02 04:50:00,2476.3128,2692.7861,winter,day3,33
2025-12-02 04:55:00,2498.7888,2709.6208,winter,day3,33
2025-12-02 05:00:00,2523.3660000000004,2727.7412,winter,day3,33
2025-12-02 05:05:00,2492.9892,2727.415,winter,day3,33
2025-12-02 05:10:00,2602.7760000000003,2716.6714,winter,day3,33
2025-12-02 05:15:00,2801.0388,2711.0652,winter,day3,33
2025-12-02 05:20:00,2673.4776,2705.5625,winter,day3,33
2025-12-02 05:25:00,2574.0732,2707.102,winter,day3,33
2025-12-02 05:30:00,2596.2648,2712.8062,winter,day3,33
2025-12-02 05:35:00,2568.6384,2720.1453,winter,day3,33
2025-12-02 05:40:00,2539.674,2727.2488,winter,day3,33
2025-12-02 05:45:00,2670.9276,2738.8145,winter,day3,33
2025-12-02 05:50:00,2813.7347999999997,2756.0178,winter,day3,33
2025-12-02 05:55:00,2841.3156,2782.664,winter,day3,33
2025-12-02 06:00:00,2828.9052,3031.062,winter,day3,33
2025-12-02 06:05:00,3314.8008,3112.846,winter,day3,33
2025-12-02 06:10:00,3381.696,3175.5212,winter,day3,33
2025-12-02 06:15:00,3469.9020000000005,3224.0786,winter,day3,33
2025-12-02 06:20:00,3127.2312,3270.7046,winter,day3,33
2025-12-02 06:25:00,3247.2599999999998,3315.709,winter,day3,33
2025-12-02 06:30:00,3546.2699999999995,3358.5166,winter,day3,33
2025-12-02 06:35:00,3619.1964,3400.478,winter,day3,33
2025-12-02 06:40:00,3879.7032,3439.58,winter,day3,33
2025-12-02 06:45:00,3268.986,3463.8428,winter,day3,33
2025-12-02 06:50:00,3886.7904000000003,3505.8982,winter,day3,33
2025-12-02 06:55:00,3782.0352,3538.7139,winter,day3,33
2025-12-02 07:00:00,3783.4752,3805.4675,winter,day3,33
2025-12-02 07:05:00,3802.332,3823.7327,winter,day3,33
2025-12-02 07:10:00,3549.6432,3826.0464,winter,day3,33
2025-12-02 07:15:00,4389.8184,3839.1794,winter,day3,33
2025-12-02 07:20:00,3724.4375999999997,3872.1313,winter,day3,33
2025-12-02 07:25:00,3420.7776,3921.8228,winter,day3,33
2025-12-02 07:30:00,3205.5792,3980.945,winter,day3,33
2025-12-02 07:35:00,10705.3956,4059.219,winter,day3,33
2025-12-02 07:40:00,10067.283599999999,4148.7075,winter,day3,33
2025-12-02 07:45:00,7560.3408,4165.4795,winter,day3,33
2025-12-02 07:50:00,4807.704,4121.164,winter,day3,33
2025-12-02 07:55:00,4616.5488,4059.5703,winter,day3,33
2025-12-02 08:00:00,4571.3387999999995,3749.7869,winter,day3,33
2025-12-02 08:05:00,4221.3384,3758.372,winter,day3,33
2025-12-02 08:10:00,4044.636,3746.3086,winter,day3,33
2025-12-02 08:15:00,4346.2464,3748.7869,winter,day3,33
2025-12-02 08:20:00,4628.1012,3765.0664,winter,day3,33
2025-12-02 08:25:00,3938.0112,3789.4849,winter,day3,33
2025-12-02 08:30:00,4449.6516,3817.1765,winter,day3,33
2025-12-02 08:35:00,4098.3972,3859.922,winter,day3,33
2025-12-02 08:40:00,4391.9016,3878.5195,winter,day3,33
2025-12-02 08:45:00,4145.3616,3892.4832,winter,day3,33
2025-12-02 08:50:00,4601.3772,3925.0034,winter,day3,33
2025-12-02 08:55:00,3736.4676,3958.9475,winter,day3,33
2025-12-02 09:00:00,3649.4195999999997,4251.4814,winter,day3,33
2025-12-02 09:05:00,3287.7876000000006,4252.645,winter,day3,33
2025-12-02 09:10:00,3704.5728000000004,4237.925,winter,day3,33
2025-12-02 09:15:00,3636.1944000000003,4229.4546,winter,day3,33
2025-12-02 09:20:00,3402.618,4227.211,winter,day3,33
2025-12-02 09:25:00,3828.1452,4229.3755,winter,day3,33
2025-12-02 09:30:00,4100.364,4239.545,winter,day3,33
2025-12-02 09:35:00,5915.7228000000005,4249.888,winter,day3,33
2025-12-02 09:40:00,5611.8984,4267.61,winter,day3,33
2025-12-02 09:45:00,6284.7444000000005,4291.5747,winter,day3,33
2025-12-02 09:50:00,5128.0464,4334.9697,winter,day3,33
2025-12-02 09:55:00,3856.9595999999997,4384.411,winter,day3,33
2025-12-02 10:00:00,3329.1684,4559.268,winter,day3,33
2025-12-02 10:05:00,3522.4547999999995,4615.226,winter,day3,33
2025-12-02 10:10:00,4173.559200000001,4651.42,winter,day3,33
2025-12-02 10:15:00,3471.6612,4668.561,winter,day3,33
2025-12-02 10:20:00,3522.942,4676.1494,winter,day3,33
2025-12-02 10:25:00,4584.6348,4670.305,winter,day3,33
2025-12-02 10:30:00,3909.4919999999997,4662.7695,winter,day3,33
2025-12-02 10:35:00,3484.4916,4658.385,winter,day3,33
2025-12-02 10:40:00,3428.1732,4657.0923,winter,day3,33
2025-12-02 10:45:00,3359.4804000000004,4654.9805,winter,day3,33
2025-12-02 10:50:00,3126.1104,4661.133,winter,day3,33
2025-12-02 10:55:00,3711.8604,4664.2974,winter,day3,33
2025-12-02 11:00:00,5273.270399999999,4664.6084,winter,day3,33
2025-12-02 11:05:00,4952.9976,4641.364,winter,day3,33
2025-12-02 11:10:00,5216.586,4602.3555,winter,day3,33
2025-12-02 11:15:00,3273.0155999999997,4550.925,winter,day3,33
2025-12-02 11:20:00,3135.8532,4493.5234,winter,day3,33
2025-12-02 11:25:00,3062.5092,4433.404,winter,day3,33
2025-12-02 11:30:00,3240.69,4388.1606,winter,day3,33
2025-12-02 11:35:00,3230.982,4355.1733,winter,day3,33
2025-12-02 11:40:00,3260.3904,4328.4126,winter,day3,33
2025-12-02 11:45:00,3225.2184,4295.664,winter,day3,33
2025-12-02 11:50:00,3921.918,4277.1606,winter,day3,33
2025-12-02 11:55:00,3512.7203999999997,4247.7188,winter,day3,33
2025-12-02 12:00:00,4808.245199999999,4227.921,winter,day3,33
2025-12-02 12:05:00,3658.2396,4186.464,winter,day3,33
2025-12-02 12:10:00,2711.4744,4126.317,winter,day3,33
2025-12-02 12:15:00,2604.3948,4070.2427,winter,day3,33
2025-12-02 12:20:00,2801.2212,4033.0767,winter,day3,33
2025-12-02 12:25:00,2865.6012,4005.732,winter,day3,33
2025-12-02 12:30:00,2542.9548000000004,4008.274,winter,day3,33
2025-12-02 12:35:00,2481.0984,4038.3247,winter,day3,33
2025-12-02 12:40:00,2771.0076,4072.7495,winter,day3,33
2025-12-02 12:45:00,2348.0148,4102.734,winter,day3,33
2025-12-02 12:50:00,2308.3548,4142.9814,winter,day3,33
2025-12-02 12:55:00,3027.4595999999997,4184.8706,winter,day3,33
2025-12-02 13:00:00,3510.2940000000003,5124.998,winter,day3,33
2025-12-02 13:05:00,2609.2752,5227.7207,winter,day3,33
2025-12-02 13:10:00,2433.036,5248.255,winter,day3,33
2025-12-02 13:15:00,2345.9052,5253.221,winter,day3,33
2025-12-02 13:20:00,2655.876,5204.2363,winter,day3,33
2025-12-02 13:25:00,2783.5164,5151.959,winter,day3,33
2025-12-02 13:30:00,2350.638,5170.718,winter,day3,33
2025-12-02 13:35:00,2416.8804,5184.3145,winter,day3,33
2025-12-02 13:40:00,2738.5032,5198.317,winter,day3,33
2025-12-02 13:45:00,2698.3332,5173.303,winter,day3,33
2025-12-02 13:50:00,3171.6468,5160.0005,winter,day3,33
2025-12-02 13:55:00,2537.556,5118.221,winter,day3,33
2025-12-02 14:00:00,3734.082,4833.912,winter,day3,33
2025-12-02 14:05:00,3048.7907999999998,4794.334,winter,day3,33
2025-12-02 14:10:00,2487.3120000000004,4721.6753,winter,day3,33
2025-12-02 14:15:00,2934.0072,4657.6025,winter,day3,33
2025-12-02 14:20:00,2624.2871999999998,4576.1216,winter,day3,33
2025-12-02 14:25:00,2740.02,4504.3306,winter,day3,33
2025-12-02 14:30:00,4219.794,4459.987,winter,day3,33
2025-12-02 14:35:00,2654.328,4435.3765,winter,day3,33
2025-12-02 14:40:00,2405.3988,4447.545,winter,day3,33
2025-12-02 14:45:00,2550.5124,4481.336,winter,day3,33
2025-12-02 14:50:00,2943.7871999999998,4562.9365,winter,day3,33
2025-12-02 14:55:00,3097.4543999999996,4658.035,winter,day3,33
2025-12-02 15:00:00,3536.3184,4852.882,winter,day3,33
2025-12-02 15:05:00,3761.1816,4914.1377,winter,day3,33
2025-12-02 15:10:00,5736.9144,4962.9175,winter,day3,33
2025-12-02 15:15:00,3531.6684,5029.3604,winter,day3,33
2025-12-02 15:20:00,3434.8368,5081.4233,winter,day3,33
2025-12-02 15:25:00,4197.5772,5119.3687,winter,day3,33
2025-12-02 15:30:00,3837.726,5157.392,winter,day3,33
2025-12-02 15:35:00,3723.4392,5196.6963,winter,day3,33
2025-12-02 15:40:00,4281.906,5248.306,winter,day3,33
2025-12-02 15:45:00,4808.8788,5272.6523,winter,day3,33
2025-12-02 15:50:00,8003.0748,5303.269,winter,day3,33
2025-12-02 15:55:00,10921.180799999998,5353.0474,winter,day3,33
2025-12-02 16:00:00,7045.9512,6535.886,winter,day3,33
2025-12-02 16:05:00,5442.3348,6754.249,winter,day3,33
2025-12-02 16:10:00,4902.6432,7030.9463,winter,day3,33
2025-12-02 16:15:00,5564.142,7382.2856,winter,day3,33
2025-12-02 16:20:00,5172.030000000001,7511.3027,winter,day3,33
2025-12-02 16:25:00,4569.3876,7495.675,winter,day3,33
2025-12-02 16:30:00,6030.306,7587.846,winter,day3,33
2025-12-02 16:35:00,4963.482,7492.8286,winter,day3,33
2025-12-02 16:40:00,4907.358,7419.8716,winter,day3,33
2025-12-02 16:45:00,4758.9276,7192.174,winter,day3,33
2025-12-02 16:50:00,5014.9980000000005,6916.392,winter,day3,33
2025-12-02 16:55:00,4404.9828,6765.8394,winter,day3,33
2025-12-02 17:00:00,4670.3988,6873.4346,winter,day3,33
2025-12-02 17:05:00,5168.3315999999995,6892.58,winter,day3,33
2025-12-02 17:10:00,5390.0964,6807.1074,winter,day3,33
2025-12-02 17:15:00,6159.0216,6724.232,winter,day3,33
2025-12-02 17:20:00,4260.8243999999995,6526.915,winter,day3,33
2025-12-02 17:25:00,5884.4256000000005,6328.936,winter,day3,33
2025-12-02 17:30:00,4307.7312,6217.0596,winter,day3,33
2025-12-02 17:35:00,4909.2768,6132.837,winter,day3,33
2025-12-02 17:40:00,4737.6744,6095.208,winter,day3,33
2025-12-02 17:45:00,4368.9684,6100.6533,winter,day3,33
2025-12-02 17:50:00,4411.5156,6190.514,winter,day3,33
2025-12-02 17:55:00,5227.368,6433.3643,winter,day3,33
2025-12-02 18:00:00,5888.1816,8181.856,winter,day3,33
2025-12-02 18:05:00,9812.7636,9002.524,winter,day3,33
2025-12-02 18:10:00,11284.710000000001,9673.865,winter,day3,33
2025-12-02 18:15:00,11618.9928,9754.771,winter,day3,33
2025-12-02 18:20:00,10094.826,9300.682,winter,day3,33
2025-12-02 18:25:00,10502.1132,8738.481,winter,day3,33
2025-12-02 18:30:00,12101.6124,8371.087,winter,day3,33
2025-12-02 18:35:00,9531.9984,8135.677,winter,day3,33
2025-12-02 18:40:00,10680.1812,7976.8994,winter,day3,33
2025-12-02 18:45:00,12144.138,7752.236,winter,day3,33
2025-12-02 18:50:00,7109.723999999999,7590.587,winter,day3,33
2025-12-02 18:55:00,7418.1972000000005,7509.928,winter,day3,33
2025-12-02 19:00:00,7708.2648,6421.605,winter,day3,33
2025-12-02 19:05:00,9314.2776,6138.866,winter,day3,33
2025-12-02 19:10:00,9864.9504,5807.657,winter,day3,33
2025-12-02 19:15:00,8999.8596,5415.882,winter,day3,33
2025-12-02 19:20:00,6535.7339999999995,5025.4624,winter,day3,33
2025-12-02 19:25:00,4100.412,4728.3076,winter,day3,33
2025-12-02 19:30:00,4550.5188,4553.291,winter,day3,33
2025-12-02 19:35:00,4494.7788,4444.333,winter,day3,33
2025-12-02 19:40:00,3748.4796,4388.9727,winter,day3,33
2025-12-02 19:45:00,5512.9872000000005,4361.21,winter,day3,33
2025-12-02 19:50:00,3661.0932000000003,4356.9883,winter,day3,33
2025-12-02 19:55:00,3563.4252,4363.937,winter,day3,33
2025-12-02 20:00:00,3712.278,4329.358,winter,day3,33
2025-12-02 20:05:00,3904.3032,4312.0103,winter,day3,33
2025-12-02 20:10:00,4927.479600000001,4277.3457,winter,day3,33
2025-12-02 20:15:00,3493.1376000000005,4243.944,winter,day3,33
2025-12-02 20:20:00,3690.5063999999998,4200.7607,winter,day3,33
2025-12-02 20:25:00,5000.07,4153.928,winter,day3,33
2025-12-02 20:30:00,3994.9392,4113.4346,winter,day3,33
2025-12-02 20:35:00,3530.514,4077.8647,winter,day3,33
2025-12-02 20:40:00,4586.4767999999995,4053.6238,winter,day3,33
2025-12-02 20:45:00,3391.0656000000004,4028.2712,winter,day3,33
2025-12-02 20:50:00,3483.6696,4010.238,winter,day3,33
2025-12-02 20:55:00,3330.3588000000004,3987.809,winter,day3,33
2025-12-02 21:00:00,3306.4811999999997,3352.455,winter,day3,33
2025-12-02 21:05:00,3287.6268000000005,3265.615,winter,day3,33
2025-12-02 21:10:00,3172.2275999999997,3142.7446,winter,day3,33
2025-12-02 21:15:00,3150.8544,3030.917,winter,day3,33
2025-12-02 21:20:00,3292.8588000000004,2928.894,winter,day3,33
2025-12-02 21:25:00,3413.5824000000002,2851.569,winter,day3,33
2025-12-02 21:30:00,3162.7932,2793.7722,winter,day3,33
2025-12-02 21:35:00,2532.1032,2750.1943,winter,day3,33
2025-12-02 21:40:00,2470.866,2715.764,winter,day3,33
2025-12-02 21:45:00,2432.8896,2691.8708,winter,day3,33
2025-12-02 21:50:00,2435.016,2683.7642,winter,day3,33
2025-12-02 21:55:00,2388.636,2687.9658,winter,day3,33
2025-12-02 22:00:00,2384.8104,2597.8877,winter,day3,33
2025-12-02 22:05:00,2335.4088,2593.5178,winter,day3,33
2025-12-02 22:10:00,2418.3408,2582.7603,winter,day3,33
2025-12-02 22:15:00,2474.7095999999997,2574.2493,winter,day3,33
2025-12-02 22:20:00,2393.5464,2567.1602,winter,day3,33
2025-12-02 22:25:00,2419.8024,2565.146,winter,day3,33
2025-12-02 22:30:00,2450.4492,2559.0198,winter,day3,33
2025-12-02 22:35:00,2568.1416,2552.3372,winter,day3,33
2025-12-02 22:40:00,2598.1284,2548.3535,winter,day3,33
2025-12-02 22:45:00,2508.744,2546.359,winter,day3,33
2025-12-02 22:50:00,2466.5652,2551.8918,winter,day3,33
2025-12-02 22:55:00,2458.7472,2557.1365,winter,day3,33
2025-12-02 23:00:00,2433.3815999999997,2538.195,winter,day3,33
2025-12-02 23:05:00,2410.7076,2539.4067,winter,day3,33
2025-12-02 23:10:00,2413.4472,2538.9556,winter,day3,33
2025-12-02 23:15:00,2412.6312000000003,2542.728,winter,day3,33
2025-12-02 23:20:00,2454.2844,2547.5854,winter,day3,33
2025-12-02 23:25:00,2464.9236,2557.637,winter,day3,33
2025-12-02 23:30:00,2458.1592,2564.462,winter,day3,33
2025-12-02 23:35:00,2471.8356,2575.5132,winter,day3,33
2025-12-02 23:40:00,2516.2943999999998,2585.8772,winter,day3,33
2025-12-02 23:45:00,2607.6972,2592.0022,winter,day3,33
2025-12-02 23:50:00,2705.5236,2597.9106,winter,day3,33
2025-12-02 23:55:00,2556.8328,2602.4087,winter,day3,33
