feature,coefficient,abs_coefficient,selected,season,day,lasso_alpha
avg_power_lag_1,1674.660432665466,1674.660432665466,True,summer,day5,0.3455107294592222
avg_power_lag_2,-421.78505673882455,421.78505673882455,True,summer,day5,0.3455107294592222
avg_power_roll_mean_12,242.7177177529065,242.7177177529065,True,summer,day5,0.3455107294592222
avg_power_lag_3,191.17423461544618,191.17423461544618,True,summer,day5,0.3455107294592222
avg_power_lag_2016,96.43854009514777,96.43854009514777,True,summer,day5,0.3455107294592222
avg_power_roll_std_12,-75.74934543710043,75.74934543710043,True,summer,day5,0.3455107294592222
avg_power_lag_288,63.36267012047882,63.36267012047882,True,summer,day5,0.3455107294592222
avg_power_lag_576,62.8187273588651,62.8187273588651,True,summer,day5,0.3455107294592222
cos_day_3,50.61276039851834,50.61276039851834,True,summer,day5,0.3455107294592222
cos_day_1,-47.80409983240783,47.80409983240783,True,summer,day5,0.3455107294592222
avg_power_roll_std_3,-40.06142561610883,40.06142561610883,True,summer,day5,0.3455107294592222
SolarRad_W_m_2,-27.41811161136175,27.41811161136175,True,summer,day5,0.3455107294592222
dayofyear,-21.03103953623929,21.03103953623929,True,summer,day5,0.3455107294592222
temp_sq,19.84542369188805,19.84542369188805,True,summer,day5,0.3455107294592222
cos_day_2,-19.450526370659347,19.450526370659347,True,summer,day5,0.3455107294592222
avg_power_roll_std_2016,-18.219323159156822,18.219323159156822,True,summer,day5,0.3455107294592222
avg_power_lag_24,17.851970243065345,17.851970243065345,True,summer,day5,0.3455107294592222
avg_power_roll_mean_2016,-16.67511972209673,16.67511972209673,True,summer,day5,0.3455107294592222
avg_power_roll_mean_288,16.56956623916522,16.56956623916522,True,summer,day5,0.3455107294592222
dayofweek,-14.442595296248879,14.442595296248879,True,summer,day5,0.3455107294592222
sin_day_1,14.405418628329768,14.405418628329768,True,summer,day5,0.3455107294592222
avg_power_lag_12,14.152489413905878,14.152489413905878,True,summer,day5,0.3455107294592222
avg_power_roll_std_288,-13.946643784845648,13.946643784845648,True,summer,day5,0.3455107294592222
cooling_degree_22,-10.952713215770315,10.952713215770315,True,summer,day5,0.3455107294592222
Hum__,9.088441875344003,9.088441875344003,True,summer,day5,0.3455107294592222
is_daylight,9.036482532276636,9.036482532276636,True,summer,day5,0.3455107294592222
is_weekend,8.542720101946626,8.542720101946626,True,summer,day5,0.3455107294592222
sin_day_2,6.390435645051239,6.390435645051239,True,summer,day5,0.3455107294592222
sin_week_2,6.133068481866882,6.133068481866882,True,summer,day5,0.3455107294592222
AvgWindSpeed_M_s,-4.801144363429124,4.801144363429124,True,summer,day5,0.3455107294592222
sin_day_3,4.443386041515507,4.443386041515507,True,summer,day5,0.3455107294592222
cos_week_1,3.361996425150135,3.361996425150135,True,summer,day5,0.3455107294592222
heating_degree_18,3.200672589205343,3.200672589205343,True,summer,day5,0.3455107294592222
Temp__C,-2.678664025283719,2.678664025283719,True,summer,day5,0.3455107294592222
Rain_Mm,-2.5927422442612844,2.5927422442612844,True,summer,day5,0.3455107294592222
cos_week_2,-1.8083907760135425,1.8083907760135425,True,summer,day5,0.3455107294592222
sin_week_1,-1.11341260397739,1.11341260397739,True,summer,day5,0.3455107294592222
hour,-0.0,0.0,False,summer,day5,0.3455107294592222
month,0.0,0.0,False,summer,day5,0.3455107294592222
minute,-0.0,0.0,False,summer,day5,0.3455107294592222
avg_power_lag_6,0.0,0.0,False,summer,day5,0.3455107294592222
avg_power_roll_mean_3,0.0,0.0,False,summer,day5,0.3455107294592222
