season,day,selected_feature
summer,day2,avg_power_lag_1
summer,day2,avg_power_lag_2
summer,day2,avg_power_roll_mean_12
summer,day2,avg_power_lag_3
summer,day2,avg_power_lag_2016
summer,day2,avg_power_roll_std_12
summer,day2,avg_power_lag_576
summer,day2,avg_power_lag_288
summer,day2,cos_day_3
summer,day2,cos_day_1
summer,day2,avg_power_roll_std_2016
summer,day2,avg_power_roll_std_3
summer,day2,SolarRad_W_m_2
summer,day2,sin_day_1
summer,day2,avg_power_lag_24
summer,day2,cos_day_2
summer,day2,avg_power_lag_12
summer,day2,avg_power_roll_mean_288
summer,day2,avg_power_roll_std_288
summer,day2,sin_day_2
summer,day2,Hum__
summer,day2,cos_week_1
summer,day2,is_daylight
summer,day2,sin_week_1
summer,day2,dayofweek
summer,day2,dayofyear
summer,day2,cos_week_2
summer,day2,sin_week_2
summer,day2,AvgWindSpeed_M_s
summer,day2,temp_sq
summer,day2,minute
summer,day2,Rain_Mm
summer,day2,avg_power_roll_mean_2016
summer,day2,sin_day_3
