timestamp,actual,prediction,season,day
2025-06-01 00:00:00,2526.7452000000003,2499.1782,summer,day1
2025-06-01 00:05:00,2463.0612,2493.331,summer,day1
2025-06-01 00:10:00,2445.3624,2489.484,summer,day1
2025-06-01 00:15:00,2434.8624,2482.8687,summer,day1
2025-06-01 00:20:00,2444.8836,2472.8723,summer,day1
2025-06-01 00:25:00,2443.6536,2482.9883,summer,day1
2025-06-01 00:30:00,2400.8712,2494.726,summer,day1
2025-06-01 00:35:00,2397.0864,2494.0596,summer,day1
2025-06-01 00:40:00,2408.7204,2502.9946,summer,day1
2025-06-01 00:45:00,2576.5236,2519.9363,summer,day1
2025-06-01 00:50:00,2515.4268,2521.8184,summer,day1
2025-06-01 00:55:00,2153.4936000000002,2525.627,summer,day1
2025-06-01 01:00:00,2206.2684,2530.0513,summer,day1
2025-06-01 01:05:00,2483.8824,2525.435,summer,day1
2025-06-01 01:10:00,2487.558,2511.1138,summer,day1
2025-06-01 01:15:00,2458.3416,2506.4502,summer,day1
2025-06-01 01:20:00,2445.9036,2484.6309,summer,day1
2025-06-01 01:25:00,2436.6744,2486.7905,summer,day1
2025-06-01 01:30:00,2437.7196,2490.587,summer,day1
2025-06-01 01:35:00,2587.3559999999998,2491.9338,summer,day1
2025-06-01 01:40:00,2479.992,2486.0723,summer,day1
2025-06-01 01:45:00,2388.192,2494.631,summer,day1
2025-06-01 01:50:00,2394.2076,2502.961,summer,day1
2025-06-01 01:55:00,2490.8304,2502.8408,summer,day1
2025-06-01 02:00:00,2550.2843999999996,2499.936,summer,day1
2025-06-01 02:05:00,2232.5172,2508.9336,summer,day1
2025-06-01 02:10:00,2317.0955999999996,2501.0957,summer,day1
2025-06-01 02:15:00,2408.6268,2502.3174,summer,day1
2025-06-01 02:20:00,2410.9224,2501.4404,summer,day1
2025-06-01 02:25:00,2668.9451999999997,2500.1025,summer,day1
2025-06-01 02:30:00,2585.2272000000003,2497.023,summer,day1
2025-06-01 02:35:00,2479.1099999999997,2502.8633,summer,day1
2025-06-01 02:40:00,2463.4188,2498.5454,summer,day1
2025-06-01 02:45:00,2463.426,2500.353,summer,day1
2025-06-01 02:50:00,2449.2504,2498.826,summer,day1
2025-06-01 02:55:00,2430.3516,2494.487,summer,day1
2025-06-01 03:00:00,2278.2048,2487.0403,summer,day1
2025-06-01 03:05:00,2049.5772,2490.9844,summer,day1
2025-06-01 03:10:00,2396.1804,2490.2039,summer,day1
2025-06-01 03:15:00,2571.4836,2481.7163,summer,day1
2025-06-01 03:20:00,2472.3228,2479.939,summer,day1
2025-06-01 03:25:00,2364.7223999999997,2489.4424,summer,day1
2025-06-01 03:30:00,2362.8804,2481.9414,summer,day1
2025-06-01 03:35:00,2403.0744,2485.2358,summer,day1
2025-06-01 03:40:00,2472.7284,2486.792,summer,day1
2025-06-01 03:45:00,2457.0335999999998,2487.1511,summer,day1
2025-06-01 03:50:00,2505.8808,2481.7834,summer,day1
2025-06-01 03:55:00,2628.3024,2486.2988,summer,day1
2025-06-01 04:00:00,2548.8804,2495.2134,summer,day1
2025-06-01 04:05:00,2958.8952,2496.6992,summer,day1
2025-06-01 04:10:00,2742.2664,2494.1812,summer,day1
2025-06-01 04:15:00,2707.5528,2489.5322,summer,day1
2025-06-01 04:20:00,2519.6711999999998,2483.6614,summer,day1
2025-06-01 04:25:00,2526.5076,2488.4614,summer,day1
2025-06-01 04:30:00,2333.9604,2486.8923,summer,day1
2025-06-01 04:35:00,2619.3684000000003,2477.395,summer,day1
2025-06-01 04:40:00,2623.7064,2471.3352,summer,day1
2025-06-01 04:45:00,2598.2364000000002,2482.6035,summer,day1
2025-06-01 04:50:00,2679.3684000000003,2464.1086,summer,day1
2025-06-01 04:55:00,2428.9248,2468.502,summer,day1
2025-06-01 05:00:00,2514.702,2469.7095,summer,day1
2025-06-01 05:05:00,2484.4308,2464.99,summer,day1
2025-06-01 05:10:00,2354.9424,2457.8105,summer,day1
2025-06-01 05:15:00,2305.1148000000003,2462.6628,summer,day1
2025-06-01 05:20:00,2247.9636,2453.6885,summer,day1
2025-06-01 05:25:00,2213.5667999999996,2448.2769,summer,day1
2025-06-01 05:30:00,2216.1144,2443.6636,summer,day1
2025-06-01 05:35:00,2200.464,2439.1548,summer,day1
2025-06-01 05:40:00,2392.1304,2424.9824,summer,day1
2025-06-01 05:45:00,2271.996,2429.6895,summer,day1
2025-06-01 05:50:00,1770.0084,2432.33,summer,day1
2025-06-01 05:55:00,2016.8064,2427.849,summer,day1
2025-06-01 06:00:00,2133.8292,2426.4849,summer,day1
2025-06-01 06:05:00,2130.4919999999997,2438.9412,summer,day1
2025-06-01 06:10:00,2230.986,2425.6924,summer,day1
2025-06-01 06:15:00,2238.2808,2447.7295,summer,day1
2025-06-01 06:20:00,2225.3784,2465.9277,summer,day1
2025-06-01 06:25:00,2329.7064,2482.8193,summer,day1
2025-06-01 06:30:00,2475.1596,2505.3723,summer,day1
2025-06-01 06:35:00,2459.2691999999997,2529.2056,summer,day1
2025-06-01 06:40:00,2403.2580000000003,2640.029,summer,day1
2025-06-01 06:45:00,2256.264,2621.5542,summer,day1
2025-06-01 06:50:00,1824.366,2624.5657,summer,day1
2025-06-01 06:55:00,2134.1207999999997,2628.3735,summer,day1
2025-06-01 07:00:00,2114.7612,2622.0503,summer,day1
2025-06-01 07:05:00,2258.0135999999998,2667.1606,summer,day1
2025-06-01 07:10:00,2336.9784,2725.0583,summer,day1
2025-06-01 07:15:00,2308.5888,2837.734,summer,day1
2025-06-01 07:20:00,2138.7804,2936.8018,summer,day1
2025-06-01 07:25:00,2185.3416,3023.008,summer,day1
2025-06-01 07:30:00,2207.0724,3182.8523,summer,day1
2025-06-01 07:35:00,2170.8455999999996,3388.2842,summer,day1
2025-06-01 07:40:00,2332.9175999999998,3557.7515,summer,day1
2025-06-01 07:45:00,2384.088,3645.4158,summer,day1
2025-06-01 07:50:00,2123.6772,3648.7253,summer,day1
2025-06-01 07:55:00,1838.58,3580.375,summer,day1
2025-06-01 08:00:00,2112.7272000000003,3689.3406,summer,day1
2025-06-01 08:05:00,2153.328,3693.5688,summer,day1
2025-06-01 08:10:00,2160.3684000000003,3692.4033,summer,day1
2025-06-01 08:15:00,2475.5544,3746.9036,summer,day1
2025-06-01 08:20:00,2394.636,3778.8247,summer,day1
2025-06-01 08:25:00,2184.186,3811.8247,summer,day1
2025-06-01 08:30:00,2254.5948,3843.0784,summer,day1
2025-06-01 08:35:00,2363.4900000000002,3881.5256,summer,day1
2025-06-01 08:40:00,2342.436,3910.0867,summer,day1
2025-06-01 08:45:00,2388.0108,3940.602,summer,day1
2025-06-01 08:50:00,2300.2776000000003,3951.432,summer,day1
2025-06-01 08:55:00,2314.1412,3989.142,summer,day1
2025-06-01 09:00:00,2255.1216,4024.459,summer,day1
2025-06-01 09:05:00,2313.3948,4023.902,summer,day1
2025-06-01 09:10:00,2415.1488,4048.4878,summer,day1
2025-06-01 09:15:00,2218.5576,4062.686,summer,day1
2025-06-01 09:20:00,2022.6299999999999,4016.1099,summer,day1
2025-06-01 09:25:00,2324.4804,4080.4558,summer,day1
2025-06-01 09:30:00,2429.7347999999997,4103.456,summer,day1
2025-06-01 09:35:00,2425.4712,4116.134,summer,day1
2025-06-01 09:40:00,2634.6984,4151.834,summer,day1
2025-06-01 09:45:00,2589.936,4168.702,summer,day1
2025-06-01 09:50:00,2985.9504,4168.8613,summer,day1
2025-06-01 09:55:00,3118.7580000000003,4210.7295,summer,day1
2025-06-01 10:00:00,3145.3296,4232.975,summer,day1
2025-06-01 10:05:00,3000.0155999999997,4240.6313,summer,day1
2025-06-01 10:10:00,3243.4548000000004,4247.082,summer,day1
2025-06-01 10:15:00,3048.8723999999997,4260.9907,summer,day1
2025-06-01 10:20:00,3718.5312,4278.8276,summer,day1
2025-06-01 10:25:00,5525.8536,4254.151,summer,day1
2025-06-01 10:30:00,5728.9068,4271.471,summer,day1
2025-06-01 10:35:00,4920.803999999999,4264.8384,summer,day1
2025-06-01 10:40:00,4729.0068,4217.472,summer,day1
2025-06-01 10:45:00,3853.2576,4238.484,summer,day1
2025-06-01 10:50:00,2675.8728,4227.851,summer,day1
2025-06-01 10:55:00,2582.5896,4199.532,summer,day1
2025-06-01 11:00:00,2453.0532,4200.8916,summer,day1
2025-06-01 11:05:00,2372.7012,4172.686,summer,day1
2025-06-01 11:10:00,2824.2048,4143.488,summer,day1
2025-06-01 11:15:00,2350.6644,4141.2397,summer,day1
2025-06-01 11:20:00,2357.4336,4137.45,summer,day1
2025-06-01 11:25:00,2379.8388,4123.66,summer,day1
2025-06-01 11:30:00,2499.0504,4109.615,summer,day1
2025-06-01 11:35:00,2567.2272000000003,4099.0767,summer,day1
2025-06-01 11:40:00,2478.8772,4097.5527,summer,day1
2025-06-01 11:45:00,2295.3540000000003,4060.1482,summer,day1
2025-06-01 11:50:00,3115.3415999999997,4043.7173,summer,day1
2025-06-01 11:55:00,3889.0332000000003,4036.063,summer,day1
2025-06-01 12:00:00,3719.8884,3989.8408,summer,day1
2025-06-01 12:05:00,3485.3304000000003,3991.9785,summer,day1
2025-06-01 12:10:00,2500.02,3969.4749,summer,day1
2025-06-01 12:15:00,2617.29,3931.5195,summer,day1
2025-06-01 12:20:00,2718.5292,3937.4556,summer,day1
2025-06-01 12:25:00,2607.4476,3926.5032,summer,day1
2025-06-01 12:30:00,2617.8552,3909.4526,summer,day1
2025-06-01 12:35:00,2815.4244,3899.8408,summer,day1
2025-06-01 12:40:00,4412.1384,3887.6008,summer,day1
2025-06-01 12:45:00,2853.0396,3874.3086,summer,day1
2025-06-01 12:50:00,2855.496,3847.8535,summer,day1
2025-06-01 12:55:00,2674.8887999999997,3837.3506,summer,day1
2025-06-01 13:00:00,2721.9348,3815.1206,summer,day1
2025-06-01 13:05:00,2948.1132,3803.9338,summer,day1
2025-06-01 13:10:00,2809.6452,3780.1516,summer,day1
2025-06-01 13:15:00,2726.0027999999998,3739.5562,summer,day1
2025-06-01 13:20:00,2850.1968,3726.4526,summer,day1
2025-06-01 13:25:00,3645.504,3719.391,summer,day1
2025-06-01 13:30:00,2543.5356,3695.4219,summer,day1
2025-06-01 13:35:00,2949.6636000000003,3672.7852,summer,day1
2025-06-01 13:40:00,2862.3936000000003,3651.3108,summer,day1
2025-06-01 13:45:00,3786.2771999999995,3623.37,summer,day1
2025-06-01 13:50:00,3468.108,3592.4795,summer,day1
2025-06-01 13:55:00,2655.426,3591.9658,summer,day1
2025-06-01 14:00:00,2680.296,3545.4126,summer,day1
2025-06-01 14:05:00,2841.2519999999995,3523.009,summer,day1
2025-06-01 14:10:00,2700.8604,3501.3389,summer,day1
2025-06-01 14:15:00,2827.1531999999997,3490.2527,summer,day1
2025-06-01 14:20:00,2387.9148,3478.1064,summer,day1
2025-06-01 14:25:00,2899.1928,3456.0234,summer,day1
2025-06-01 14:30:00,2663.7648,3461.213,summer,day1
2025-06-01 14:35:00,2387.2248,3465.485,summer,day1
2025-06-01 14:40:00,4273.9836000000005,3462.2085,summer,day1
2025-06-01 14:45:00,2890.9271999999996,3457.7607,summer,day1
2025-06-01 14:50:00,2668.7364000000002,3437.7622,summer,day1
2025-06-01 14:55:00,3903.7128,3433.0012,summer,day1
2025-06-01 15:00:00,2540.7792,3427.3145,summer,day1
2025-06-01 15:05:00,2755.254,3436.67,summer,day1
2025-06-01 15:10:00,2635.0212,3442.3247,summer,day1
2025-06-01 15:15:00,2438.8092,3462.584,summer,day1
2025-06-01 15:20:00,2891.064,3446.646,summer,day1
2025-06-01 15:25:00,3213.5328,3479.4407,summer,day1
2025-06-01 15:30:00,3069.1188,3473.7073,summer,day1
2025-06-01 15:35:00,2916.8148,3486.2869,summer,day1
2025-06-01 15:40:00,2681.3484,3507.6301,summer,day1
2025-06-01 15:45:00,2591.9196,3509.594,summer,day1
2025-06-01 15:50:00,2534.0412,3530.2888,summer,day1
2025-06-01 15:55:00,2495.9292,3545.8152,summer,day1
2025-06-01 16:00:00,2491.0932000000003,3526.9229,summer,day1
2025-06-01 16:05:00,2664.2856,3525.143,summer,day1
2025-06-01 16:10:00,2811.6516,3522.8806,summer,day1
2025-06-01 16:15:00,3117.8592,3545.5952,summer,day1
2025-06-01 16:20:00,4169.6952,3555.5176,summer,day1
2025-06-01 16:25:00,2414.3124,3574.1523,summer,day1
2025-06-01 16:30:00,2393.514,3599.9697,summer,day1
2025-06-01 16:35:00,2857.5096000000003,3627.763,summer,day1
2025-06-01 16:40:00,4026.078,3614.8533,summer,day1
2025-06-01 16:45:00,2541.4656000000004,3641.992,summer,day1
2025-06-01 16:50:00,2174.7504,3637.4958,summer,day1
2025-06-01 16:55:00,2387.6387999999997,3654.477,summer,day1
2025-06-01 17:00:00,2397.7716,3668.301,summer,day1
2025-06-01 17:05:00,2432.6843999999996,3677.7012,summer,day1
2025-06-01 17:10:00,2457.018,3681.0886,summer,day1
2025-06-01 17:15:00,2702.7419999999997,3669.0725,summer,day1
2025-06-01 17:20:00,4379.1444,3692.675,summer,day1
2025-06-01 17:25:00,3323.6051999999995,3709.0781,summer,day1
2025-06-01 17:30:00,2690.2488,3705.2222,summer,day1
2025-06-01 17:35:00,2122.3416,3743.0034,summer,day1
2025-06-01 17:40:00,2711.0268,3745.4673,summer,day1
2025-06-01 17:45:00,2545.4892,3758.4553,summer,day1
2025-06-01 17:50:00,2521.1124,3766.157,summer,day1
2025-06-01 17:55:00,2543.04,3780.5193,summer,day1
2025-06-01 18:00:00,2570.8884000000003,3764.265,summer,day1
2025-06-01 18:05:00,2498.3952,3774.092,summer,day1
2025-06-01 18:10:00,2600.8848,3755.74,summer,day1
2025-06-01 18:15:00,2658.8952,3758.0667,summer,day1
2025-06-01 18:20:00,2163.9036,3745.5676,summer,day1
2025-06-01 18:25:00,2102.6904,3752.818,summer,day1
2025-06-01 18:30:00,2507.7168,3738.0774,summer,day1
2025-06-01 18:35:00,3421.4592000000002,3720.5813,summer,day1
2025-06-01 18:40:00,2807.2884,3678.1216,summer,day1
2025-06-01 18:45:00,2499.4464,3676.542,summer,day1
2025-06-01 18:50:00,2503.9452,3635.247,summer,day1
2025-06-01 18:55:00,2464.7424,3617.4836,summer,day1
2025-06-01 19:00:00,2600.79,3576.6782,summer,day1
2025-06-01 19:05:00,3695.5464,3537.9326,summer,day1
2025-06-01 19:10:00,2330.4816,3492.9849,summer,day1
2025-06-01 19:15:00,4419.794400000001,3477.707,summer,day1
2025-06-01 19:20:00,3815.7084000000004,3447.9348,summer,day1
2025-06-01 19:25:00,2421.7824,3438.782,summer,day1
2025-06-01 19:30:00,2543.9724,3400.323,summer,day1
2025-06-01 19:35:00,2655.9828,3367.8928,summer,day1
2025-06-01 19:40:00,2640.4056,3352.652,summer,day1
2025-06-01 19:45:00,2566.278,3315.6133,summer,day1
2025-06-01 19:50:00,3982.7364000000002,3295.4465,summer,day1
2025-06-01 19:55:00,2547.8172,3275.755,summer,day1
2025-06-01 20:00:00,2575.1304,3129.1675,summer,day1
2025-06-01 20:05:00,2425.5816,3118.0757,summer,day1
2025-06-01 20:10:00,2405.0676,3087.198,summer,day1
2025-06-01 20:15:00,2391.6888,3053.3906,summer,day1
2025-06-01 20:20:00,2529.078,3032.9368,summer,day1
2025-06-01 20:25:00,2718.7656,3029.792,summer,day1
2025-06-01 20:30:00,2516.5908,3016.154,summer,day1
2025-06-01 20:35:00,2565.996,3012.8667,summer,day1
2025-06-01 20:40:00,2844.4092,3004.8608,summer,day1
2025-06-01 20:45:00,2795.7275999999997,2988.1626,summer,day1
2025-06-01 20:50:00,3136.416,2982.4453,summer,day1
2025-06-01 20:55:00,2801.3436,2986.2097,summer,day1
2025-06-01 21:00:00,3487.9380000000006,2972.0857,summer,day1
2025-06-01 21:05:00,5444.5428,2963.2046,summer,day1
2025-06-01 21:10:00,2689.6331999999998,2948.606,summer,day1
2025-06-01 21:15:00,2623.1232,2928.0254,summer,day1
2025-06-01 21:20:00,2600.0004,2841.6133,summer,day1
2025-06-01 21:25:00,2670.3216,2822.648,summer,day1
2025-06-01 21:30:00,2692.434,2806.251,summer,day1
2025-06-01 21:35:00,2714.4372,2780.786,summer,day1
2025-06-01 21:40:00,2700.2760000000003,2747.4426,summer,day1
2025-06-01 21:45:00,3052.0656,2729.4639,summer,day1
2025-06-01 21:50:00,3078.2484,2690.9946,summer,day1
2025-06-01 21:55:00,3035.1684,2646.482,summer,day1
2025-06-01 22:00:00,2783.4648,2596.8572,summer,day1
2025-06-01 22:05:00,2785.8815999999997,2575.8955,summer,day1
2025-06-01 22:10:00,4259.868,2540.316,summer,day1
2025-06-01 22:15:00,2610.0072,2543.974,summer,day1
2025-06-01 22:20:00,2425.2203999999997,2543.5713,summer,day1
2025-06-01 22:25:00,2425.6223999999997,2540.0256,summer,day1
2025-06-01 22:30:00,2810.292,2530.2717,summer,day1
2025-06-01 22:35:00,2570.988,2542.0308,summer,day1
2025-06-01 22:40:00,2472.0468,2518.4155,summer,day1
2025-06-01 22:45:00,2311.9932,2523.1787,summer,day1
2025-06-01 22:50:00,2304.8507999999997,2519.6958,summer,day1
2025-06-01 22:55:00,2339.7288,2514.447,summer,day1
2025-06-01 23:00:00,2386.2048,2509.524,summer,day1
2025-06-01 23:05:00,2396.2596000000003,2511.8572,summer,day1
2025-06-01 23:10:00,2407.5312,2511.5845,summer,day1
2025-06-01 23:15:00,2741.9652,2496.7488,summer,day1
2025-06-01 23:20:00,2382.4175999999998,2492.2334,summer,day1
2025-06-01 23:25:00,3181.968,2509.4854,summer,day1
2025-06-01 23:30:00,3738.246,2494.757,summer,day1
2025-06-01 23:35:00,2528.7792,2502.0874,summer,day1
2025-06-01 23:40:00,2630.2608,2509.67,summer,day1
2025-06-01 23:45:00,2449.3128,2511.2263,summer,day1
2025-06-01 23:50:00,2401.1412,2500.9875,summer,day1
2025-06-01 23:55:00,2395.2372,2510.1162,summer,day1
